create database AjedrezOpen;
use AjedrezOpen;

create table jugador(
rankingI int,
rankingF int,
titulo varchar(5),
nombre varchar(50),
federacion varchar(20),
fide int,
fideID int  primary key,
hotel boolean default false,
CV boolean default false,
importeP int,
categoria enum('A', 'B')
);

create table torneo(
categoria enum('A', 'B') primary key);

alter table jugador add constraint fk_jugador_categoria foreign key (categoria) references torneo(categoria) on delete set null on update cascade;

create table premio(
categoria enum('A', 'B'),
puesto int, 
importe int,
nombre varchar (30),
primary key (puesto, nombre, categoria),
fideID int,
constraint fk_premio_fideID foreign key (fideID) references jugador(fideID) on delete set null on update cascade,
constraint fk_premio_categoria foreign key (categoria) references torneo(categoria) on delete cascade on update cascade);

INSERT INTO torneo (categoria) VALUES ('A'), ('B');

insert into  premio (categoria, nombre, puesto, importe) values 
	('B', "general", 2, 1200),
    ('B', "general", 3, 650),
    ('B', "general", 4, 550),
    ('B', "general", 5, 500),
    ('B', "general", 6, 400),
    ('B', "general", 7, 300),
    ('B', "general", 8, 250),
    ('B', "general", 9, 200),
    ('B', "general", 10, 150),
    ('B', "general", 11, 100),
    ('B', "general", 12, 100),
    ('B', "cv", 1, 500),
    ('B', "cv", 2, 400),
    ('B', "cv", 3, 300),
    ('B', "cv", 4, 200),
    ('B', "cv", 5, 100),
    ('B', "sub1800", 1, 150),
    ('B', "sub1800", 2, 100),
    ('B', "sub1600", 1, 150),
    ('B', "sub1600", 2, 100),
    ('B', "sub1400", 1, 150),
    ('B', "sub1400", 2, 100), 
    ('B', "hotel", 1, 125),
    ('B', "hotel", 2, 125),
    ('B', "hotel", 3, 125),
    ('B', "hotel", 4, 125),
    ('B', "hotel", 5, 125),
    ('B', "hotel", 6, 125),
    ('B', "hotel", 7, 125),
    ('B', "hotel", 8, 125),
    ('B', "hotel", 9, 125),
    ('B', "hotel", 10, 125),
    ('B', "hotel", 11, 125),
    ('B', "hotel", 12, 125),
    ('B', "hotel", 13, 125),
    ('B', "hotel", 14, 125),
    ('B', "hotel", 15, 125),
    ('B', "hotel", 16, 125),
    ('B', "hotel", 17, 125),
    ('B', "hotel", 18, 125),
    ('B', "hotel", 19, 125),
    ('B', "hotel", 20, 125),
    ('A', "general", 2, 1200),
    ('A', "general", 3, 650),
    ('A', "general", 4, 550),
    ('A', "general", 5, 500),
    ('A', "general", 6, 400),
    ('A', "general", 7, 300),
    ('A', "general", 8, 250),
    ('A', "general", 9, 200),
    ('A', "general", 10, 150),
    ('A', "general", 11, 100),
    ('A', "general", 12, 100),
    ('A', "cv", 1, 500),
    ('A', "cv", 2, 400),
    ('A', "cv", 3, 300),
    ('A', "cv", 4, 200),
    ('A', "cv", 5, 100),
    ('A', "sub2400", 1, 225),
	('A', "sub2400", 2, 150),
	('A', "sub2400", 3, 120),
	('A', "sub2400", 4, 100),
    ('A', "sub2200", 1, 150),
	('A', "sub2200", 2, 100),
    ('A', "hotel", 1, 125),
    ('A', "hotel", 2, 125),
    ('A', "hotel", 3, 125),
    ('A', "hotel", 4, 125),
    ('A', "hotel", 5, 125),
    ('A', "hotel", 6, 125),
    ('A', "hotel", 7, 125),
    ('A', "hotel", 8, 125),
    ('A', "hotel", 9, 125),
    ('A', "hotel", 10, 125),
    ('A', "hotel", 11, 125),
    ('A', "hotel", 12, 125),
    ('A', "hotel", 13, 125),
    ('A', "hotel", 14, 125),
    ('A', "hotel", 15, 125),
    ('A', "hotel", 16, 125),
    ('A', "hotel", 17, 125),
    ('A', "hotel", 18, 125),
    ('A', "hotel", 19, 125),
    ('A', "hotel", 20, 125);


INSERT INTO jugador (rankingI, titulo, nombre, federacion, fide, fideID, CV, hotel, importeP, rankingF, categoria)
VALUES 
(1, NULL, 'Aguado Crespo, Antonio', 'ESP', 1971, 22275290, TRUE, FALSE, NULL, NULL, 'B'),
(2, NULL, 'Lloret Climent, Miguel', 'ESP', 1954, 2206439, TRUE, FALSE, NULL, NULL, 'B'),
(3, NULL, 'Perez Garcia, Jose Miguel', 'ESP', 1950, 2227657, TRUE, TRUE, NULL, NULL, 'B'),
(4, NULL, 'Hassomal Daswani, Birjkumar', 'ESP', 1945, 2224356, TRUE, TRUE, NULL, NULL, 'B'),
(5, NULL, 'Navarro Rico, Lluis', 'ESP', 1937, 32045913, TRUE, FALSE, NULL, NULL, 'B'),
(6, NULL, 'Robledo Sanchez, Saul', 'ESP', 1926, 24554650, TRUE, FALSE, NULL, NULL, 'B'),
(7, NULL, 'Bote Kobolo, Benjamin E.', 'ESP', 1923, 2289440, FALSE, TRUE, NULL, NULL, 'B'),
(8, NULL, 'Camison Zornoza, Cesar', 'ESP', 1923, 24580376, TRUE, TRUE, NULL, NULL, 'B'),
(9, NULL, 'Oreshkin, Vladislav', 'ESP', 1920, 54535603, TRUE, FALSE, NULL, NULL, 'B'),
(10, NULL, 'Machin Arbelo, Pedro Alexis', 'ESP', 1918, 2260972, FALSE, TRUE, NULL, NULL, 'B'),
(11, NULL, 'Perez Garcia, Juan Angel', 'ESP', 1918, 2211262, FALSE, TRUE, NULL, NULL, 'B'),
(12, NULL, 'Zamora Soler, Raul', 'ESP', 1918, 2273225, TRUE, FALSE, NULL, NULL, 'B'),
(13, NULL, 'Vallbona Domingo, Joan', 'ESP', 1915, 2291487, FALSE, TRUE, NULL, NULL, 'B'),
(14, NULL, 'Ruiz Ureta, Ernesto', 'ESP', 1911, 22229833, FALSE, TRUE, NULL, NULL, 'B'),
(15, NULL, 'Hushpit, Lukian ..', 'IRL', 1910, 14189208, FALSE, FALSE, NULL, NULL, 'B'),
(16, NULL, 'Stolp, Aleksander', 'NOR', 1888, 1541501, FALSE, TRUE, NULL, NULL, 'B'),
(17, NULL, 'Reig Albero, Ferran', 'ESP', 1884, 2207516, TRUE, TRUE, NULL, NULL, 'B'),
(18, NULL, 'Cafolla, Peter', 'IRL', 1881, 2500884, FALSE, TRUE, NULL, NULL, 'B'),
(19, NULL, 'Hall, Rachid', 'ESP', 1875, 22224327, FALSE, TRUE, NULL, NULL, 'B'),
(20, NULL, 'Nguyen, Khoi', 'BEL', 1875, 272540, FALSE, TRUE, NULL, NULL, 'B'),
(21, NULL, 'Rodriguez Lopez, Ruben', 'ESP', 1874, 2298295, FALSE, FALSE, NULL, NULL, 'B'),
(22, NULL, 'Selva Salvador, Antonio', 'ESP', 1871, 2223821, TRUE, TRUE, NULL, NULL, 'B'),
(23, NULL, 'Viciano Barrachina, Aitor', 'ESP', 1865, 2246872, TRUE, TRUE, NULL, NULL, 'B'),
(24, NULL, 'Salter, David', 'IRL', 1855, 2501988, FALSE, TRUE, NULL, NULL, 'B'),
(25, NULL, 'Blasco Marques, Salvador', 'ESP', 1852, 2208644, TRUE, TRUE, NULL, NULL, 'B'),
(26, NULL, 'Roca Cruz, Rafael', 'ESP', 1845, 32022450, TRUE, TRUE, NULL, NULL, 'B'),
(27, NULL, 'Fernandez Lopez, Francisco J.', 'ESP', 1835, 2212323, TRUE, FALSE, NULL, NULL, 'B'),
(28, NULL, 'Gimeno Simo, Sergio ..', 'ESP', 1834, 22293965, TRUE, TRUE, NULL, NULL, 'B'),
(29, NULL, 'Codina Garcia, Jose', 'ESP', 1832, 2206340, FALSE, TRUE, NULL, NULL, 'B'),
(30, NULL, 'Fernandez Perez, Josep', 'ESP', 1831, 32023910, FALSE, TRUE, NULL, NULL, 'B'),
(31, NULL, 'Williams, Duncan', 'WLS', 1831, 1805592, FALSE, TRUE, NULL, NULL, 'B'),
(32, NULL, 'Rios Garcia, Miguel', 'ESP', 1829, 2219000, TRUE, TRUE, NULL, NULL, 'B'),
(33, NULL, 'Rodriguez Perez, Mauro', 'ESP', 1829, 2256371, FALSE, TRUE, NULL, NULL, 'B'),
(34, NULL, 'Turner, Justin', 'AUS', 1815, 3225593, TRUE, TRUE, NULL, NULL, 'B'),
(35, NULL, 'Munoz Osete, Marcos', 'ESP', 1808, 54542987, TRUE, FALSE, NULL, NULL, 'B'),
(36, NULL, 'Dawson, Alastair', 'SCO', 1804, 412651, FALSE, TRUE, NULL, NULL, 'B'),
(37, NULL, 'Lopez de Turiso Sanchez, Jose An', 'ESP', 1801, 2207680, FALSE, FALSE, NULL, NULL, 'B'),
(38, NULL, 'Strand, Amund Pihl', 'NOR', 1800, 1542184, FALSE, TRUE, NULL, NULL, 'B'),
(39, NULL, 'Fuentes Arjona, Antonio', 'ESP', 1797, 2280329, FALSE, TRUE, NULL, NULL, 'B'),
(40, NULL, 'Wernberg, Nikolai Olsen', 'NOR', 1782, 1542770, FALSE, TRUE, NULL, NULL, 'B'),
(41, NULL, 'Guillen Montiel, Jose Luis', 'ESP', 1746, 2282097, TRUE, FALSE, NULL, NULL, 'B'),
(42, NULL, 'Kane, Robert', 'ENG', 1736, 420468, FALSE, TRUE, NULL, NULL, 'B'),
(43, NULL, 'Viudes Serra, Aaron', 'ESP', 1732, 2247658, TRUE, FALSE, NULL, NULL, 'B'),
(44, NULL, 'Martinez Martin, Francisco', 'ESP', 1714, 24581208, TRUE, FALSE, NULL, NULL, 'B'),
(45, NULL, 'Lien, Sebastian', 'NOR', 1706, 1567888, FALSE, TRUE, NULL, NULL, 'B'),
(46, NULL, 'Gerona Maura, Jesus', 'ESP', 1705, 2271303, TRUE, TRUE, NULL, NULL, 'B'),
(47, NULL, 'Nordgreen, Jan Thomas', 'ESP', 1705, 24516260, FALSE, TRUE, NULL, NULL, 'B'),
(48, NULL, 'Pedraza Fernandez, Miguel Angel', 'ESP', 1702, 2275376, TRUE, FALSE, NULL, NULL, 'B'),
(49, NULL, 'Torres Rebolledo, Marcos ..', 'ESP', 1700, 24594423, FALSE, TRUE, NULL, NULL, 'B'),
(50, NULL, 'Nieto Lopez, Francisco Ramon', 'ESP', 1688, 2277646, FALSE, TRUE, NULL, NULL, 'B'),
(51, NULL, 'Rodriguez Moya, David', 'ESP', 1680, 2224224, TRUE, FALSE, NULL, NULL, 'B'),
(52, NULL, 'Vicente Soriano, Josep', 'ESP', 1668, 2270978, FALSE, TRUE, NULL, NULL, 'B'),
(53, NULL, 'Espejo Montagut, Jose Maria', 'ESP', 1651, 2281619, FALSE, TRUE, NULL, NULL, 'B'),
(54, NULL, 'Minguela Munoz, Bienvenido', 'ESP', 1651, 2282143, FALSE, TRUE, NULL, NULL, 'B'),
(55, NULL, 'Alberti, Milo', 'SUI', 1633, 134105363, FALSE, TRUE, NULL, NULL, 'B'),
(56, NULL, 'Martinez Zazo, Jesus', 'ESP', 1631, 2237695, FALSE, TRUE, NULL, NULL, 'B'),
(57, NULL, 'Oliva, Andrea', 'ITA', 1626, 836800, TRUE, FALSE, NULL, NULL, 'B'),
(58, NULL, 'Planelles Ortega, Emilio', 'ESP', 1626, 2237750, TRUE, FALSE, NULL, NULL, 'B'),
(59, NULL, 'Winter, Kevin', 'ENG', 1621, 421960, FALSE, TRUE, NULL, NULL, 'B'),
(60, NULL, 'Nechifor, David', 'ESP', 1608, 54788455, TRUE, FALSE, NULL, NULL, 'B'),
(61, NULL, 'Garcia Yepes, Miguel Angel', 'ESP', 1601, 32015046, TRUE, FALSE, NULL, NULL, 'B'),
(62, NULL, 'Del Riego Sanchez, Rafael', 'BEL', 1598, 278114, FALSE, TRUE, NULL, NULL, 'B'),
(63, NULL, 'Medina Sanchez, Gines', 'ESP', 1581, 2279100, FALSE, TRUE, NULL, NULL, 'B'),
(64, NULL, 'Garcia Santiago, Juan Carlos', 'ESP', 1577, 54744296, FALSE, TRUE, NULL, NULL, 'B'),
(65, NULL, 'Lines, David', 'ESP', 1573, 24553581, TRUE, FALSE, NULL, NULL, 'B'),
(66, NULL, 'Zhu, Pengxiao', 'ENG', 1571, 499307, FALSE, TRUE, NULL, NULL, 'B'),
(67, NULL, 'Quesada Gomez, Norman', 'ESP', 1566, 22277242, FALSE, FALSE, NULL, NULL, 'B'),
(68, NULL, 'Vegara Gallego, Pere', 'ESP', 1566, 2271770, FALSE, TRUE, NULL, NULL, 'B'),
(69, NULL, 'Voronaya, Eva', 'FID', 1565, 34254978, FALSE, TRUE, NULL, NULL, 'B'),
(70, NULL, 'Ilinca Ilinca, Filip Antonio', 'ESP', 1553, 54775167, TRUE, TRUE, NULL, NULL, 'B'),
(71, NULL, 'Rehbein, Vitus', 'GER', 1553, 16273427, FALSE, TRUE, NULL, NULL, 'B'),
(72, NULL, 'Vidal Moscardo, Blas', 'ESP', 1546, 2287005, TRUE, TRUE, NULL, NULL, 'B'),
(73, NULL, 'Enriquez Munoz, Diego', 'ESP', 1543, 2298570, FALSE, TRUE, NULL, NULL, 'B'),
(74, NULL, 'Gutierrez Bolado, Juan Antonio', 'ESP', 1539, 2298708, FALSE, TRUE, NULL, NULL, 'B'),
(75, NULL, 'Valenzuela Garcia, Alberto', 'ESP', 1539, 2245213, TRUE, TRUE, NULL, NULL, 'B'),
(76, NULL, 'Marin Giner, Gustavo', 'ESP', 1496, 54745411, TRUE, FALSE, NULL, NULL, 'B'),
(77, NULL, 'Verhoeven, Rudiger', 'ESP', 1481, 24563013, FALSE, TRUE, NULL, NULL, 'B'),
(78, NULL, 'Arcas Rodriguez, Jordi', 'ESP', 1467, 32010508, FALSE, TRUE, NULL, NULL, 'B'),
(79, NULL, 'Ruiz Garcia, Jose Luis II ..', 'ESP', 1462, 32083653, TRUE, FALSE, NULL, NULL, 'B'),
(80, NULL, 'Benitez Cadenas, Luis Miguel', 'ESP', 1450, 2284340, TRUE, FALSE, NULL, NULL, 'B'),
(81, NULL, 'Nardi, Hector', 'ARG', 1433, 131318, TRUE, TRUE, NULL, NULL, 'B'),
(82, NULL, 'Yanston, Kseniia', 'ESP', 1419, 55634184, TRUE, FALSE, NULL, NULL, 'B'),
(83, NULL, 'Embuena Molina, Miguel Angel', 'ESP', 1415, 54745128, TRUE, TRUE, NULL, NULL, 'B'),
(84, NULL, 'Shi, Shaoquan', 'ENG', 1404, 499285, FALSE, TRUE, NULL, NULL, 'B'),
(85, NULL, 'Munoz Gonzalez, Martin', 'ESP', 1403, 22209115, FALSE, TRUE, NULL, NULL, 'B'),
(86, NULL, 'Richter, Anastasia', 'GER', 1396, 34659099, FALSE, FALSE, NULL, NULL, 'B'),
(87, NULL, 'Gonzalez Caceres, Lauren', 'ESP', 1391, 54718228, TRUE, FALSE, NULL, NULL, 'B'),
(88, NULL, 'Shi, Shaoting ..', 'ENG', 1386, 343406653, FALSE, TRUE, NULL, NULL, 'B'),
(89, NULL, 'Henning Lubberding, Hans', 'IRL', 1376, 2518066, FALSE, FALSE, NULL, NULL, 'B'),
(90, NULL, 'Algaze Obadia, Rodrigue', 'FRA', 1375, 651013703, TRUE, FALSE, NULL, NULL, 'B'),
(91, NULL, 'Nguyen, Tri Khoi', 'BEL', 1374, 277460, FALSE, TRUE, NULL, NULL, 'B'),
(92, NULL, 'Morata Perez, Jose', 'ESP', 1364, 24521612, FALSE, TRUE, NULL, NULL, 'B'),
(93, NULL, 'Hidalgo Mena, Manel', 'ESP', 1355, 54786533, TRUE, FALSE, NULL, NULL, 'B'),
(94, NULL, 'Kristiansen, David', 'NOR', 1344, 1572083, FALSE, TRUE, NULL, NULL, 'B'),
(95, NULL, 'Navarro Juan, Isaac', 'ESP', 1321, 54785057, TRUE, TRUE, NULL, NULL, 'B'),
(96, NULL, 'Bukharkov, Stepan  ..', 'FID', 1312, 34346643, FALSE, FALSE, NULL, NULL, 'B'),
(97, NULL, 'Cervera Diaz, Aaron', 'ESP', 1300, 54590930, TRUE, FALSE, NULL, NULL, 'B'),
(98, NULL, 'Carrascosa Grau, Eduard', 'ESP', 1265, 94715858, TRUE, TRUE, NULL, NULL, 'B'),
(99, NULL, 'Mulet Salva, Jeroni', 'ESP', 1260, 94714606, TRUE, TRUE, NULL, NULL, 'B'),
(100, NULL, 'Krisha Tamhant Jain', 'IND', 1248, 33380252, FALSE, TRUE, NULL, NULL, 'B'),
(101, NULL, 'Ferrero Martinez, Daniel', 'ESP', 1240, 94786348, TRUE, FALSE, NULL, NULL, 'B'),
(102, NULL, 'Alarcon Alarcon, Marina', 'ESP', 1193, 32010516, FALSE, TRUE, NULL, NULL, 'B'),
(103, NULL, 'Mabras Lloret, Monserrat', 'ESP', 1191, 32018347, TRUE, FALSE, NULL, NULL, 'B'),
(104, NULL, 'Mena Lena, Antonio', 'ESP', 1191, 32010583, FALSE, TRUE, NULL, NULL, 'B'),
(105, NULL, 'Ulla Centelles, Llorens', 'ESP', 1162, 24541087, TRUE, TRUE, NULL, NULL, 'B'),
(106, NULL, 'Larsson, Susanne Wiggen', 'NOR', 1159, 1553488, FALSE, TRUE, NULL, NULL, 'B'),
(107, NULL, 'Munoz Martinez, Francisco', 'ESP', 1115, 24594482, TRUE, FALSE, NULL, NULL, 'B'),
(108, NULL, 'Galletero Monsalve, Juan Francis', 'ESP', 1080, 22281398, FALSE, TRUE, NULL, NULL, 'B'),
(109, NULL, 'Razhnou, Lev', 'FID', 1026, 13530119, TRUE, FALSE, NULL, NULL, 'B'),
(110, NULL, 'Fossaas, Oskar Erland', 'NOR', 0, 1584049, FALSE, TRUE, NULL, NULL, 'B'),
(111, NULL, 'Guio Del Rio, José Antonio', 'ESP', 0, 94797480, TRUE, FALSE, NULL, NULL, 'B'),
(112, NULL, 'Razhnova, Aryna', 'FID', 0, 13534831, FALSE, TRUE, NULL, NULL, 'B'),
(113, NULL, 'Risueno Banuls, Manuel', 'ESP', 0, 32018487, TRUE, FALSE, NULL, NULL, 'B'),
(114, NULL, 'Fernandez Escribano, Marcos', 'ESP', 0, 32014713, TRUE, FALSE, NULL, NULL, 'B'),
(115, 'GM', 'Sonis, Francesco', 'ITA', 2564, 895733, TRUE, FALSE, NULL, NULL, 'A'),
(116, 'GM', 'Richter, Michael', 'GER', 2432, 4618920, FALSE, FALSE, NULL, NULL, 'A'),
(117, 'FM', 'Dauner, Benedikt', 'GER', 2389, 16225899, TRUE, FALSE, NULL, NULL, 'A'),
(118, 'FM', 'Olsson, William', 'SWE', 2378, 1741721, TRUE, FALSE, NULL, NULL, 'A'),
(119, 'IM', 'Carlsson, Ludvig', 'SWE', 2356, 1727010, TRUE, FALSE, NULL, NULL, 'A'),
(120, 'GM', 'Arkell, Keith C', 'ENG', 2355, 400270, TRUE, FALSE, NULL, NULL, 'A'),
(121, 'IM', 'Vestby-Ellingsen, Mads', 'NOR', 2343, 1520857, TRUE, FALSE, NULL, NULL, 'A'),
(122, 'FM', 'Kanov, Nikola', 'BUL', 2339, 2928531, TRUE, FALSE, NULL, NULL, 'A'),
(123, 'FM', 'Ilinca, Felix-Antonio', 'ROU', 2331, 54764998, TRUE, TRUE, NULL, NULL, 'A'),
(124, 'IM', 'Ramoutar, Alan-Safar', 'TTO', 2330, 7704224, TRUE, FALSE, NULL, NULL, 'A'),
(125, 'FM', 'Cappelletto, Joshuaede', 'ITA', 2329, 2824383, FALSE, FALSE, NULL, NULL, 'A'),
(126, 'FM', 'Yordanov, Lachezar', 'BUL', 2323, 2918927, TRUE, FALSE, NULL, NULL, 'A'),
(127, 'FM', 'Ezra Paul Chambers', 'BDI', 2313, 20300204, TRUE, FALSE, NULL, NULL, 'A'),
(128, 'IM', 'Morchiashvili, Bachana', 'GEO', 2308, 13602535, TRUE, FALSE, NULL, NULL, 'A'),
(129, 'FM', 'Chkhaidze, Nikoloz', 'GEO', 2262, 13601750, TRUE, FALSE, NULL, NULL, 'A'),
(130, 'FM', 'Mingarro Carceller, Sergi', 'ESP', 2253, 2246678, TRUE, TRUE, NULL, NULL, 'A'),
(131, NULL, 'Jordan Martinez, Miguel', 'ESP', 2212, 2283972, TRUE, TRUE, NULL, NULL, 'A'),
(132, 'FM', 'Rey Malde, Henrique', 'ESP', 2207, 2244969, TRUE, FALSE, NULL, NULL, 'A'),
(133, NULL, 'Hercegovac, Neven', 'ITA', 2207, 2839135, FALSE, FALSE, NULL, NULL, 'A'),
(134, 'FM', 'Webb, Laurence E', 'ENG', 2204, 402389, TRUE, FALSE, NULL, NULL, 'A'),
(135, 'FM', 'Ibanez Aullana, Ramon', 'ESP', 2198, 2207532, TRUE, TRUE, NULL, NULL, 'A'),
(136, 'WIM', 'Balabayeva, Xeniya', 'KAZ', 2192, 13719688, TRUE, FALSE, NULL, NULL, 'A'),
(137, 'FM', 'Torres Sanchez, Jose', 'ESP', 2187, 2217210, TRUE, TRUE, NULL, NULL, 'A'),
(138, 'FM', 'Nava Pereda, Carlos', 'ESP', 2182, 2207419, TRUE, FALSE, NULL, NULL, 'A'),
(139, NULL, 'Mueller, Magnus', 'GER', 2180, 16230060, TRUE, FALSE, NULL, NULL, 'A'),
(140, 'IM', 'Mannion, Stephen R', 'SCO', 2179, 2400111, TRUE, FALSE, NULL, NULL, 'A'),
(141, 'FM', 'Krishnan, Ritvik', 'IND', 2176, 45055297, TRUE, FALSE, NULL, NULL, 'A'),
(142, 'WGM', 'Grabuzova, Tatiana', 'ESP', 2173, 4108752, FALSE, TRUE, NULL, NULL, 'A'),
(143, NULL, 'Torres Rebolledo, Victor', 'ESP', 2164, 24591629, TRUE, FALSE, NULL, NULL, 'A'),
(144, 'FM', 'Roulet-Dubonnet, Emerik Vapensta', 'NOR', 2164, 1539477, TRUE, FALSE, NULL, NULL, 'A'),
(145, NULL, 'Nied, Pascal', 'GER', 2151, 16260597, TRUE, FALSE, NULL, NULL, 'A'),
(146, NULL, 'Castro Quijano, Eduardo', 'ESP', 2127, 24507407, TRUE, FALSE, NULL, NULL, 'A'),
(147, NULL, 'Jordan Martinez, David', 'ESP', 2120, 2283964, TRUE, TRUE, NULL, NULL, 'A'),
(148, NULL, 'Torres Rebolledo, Alvaro', 'ESP', 2113, 54587670, TRUE, FALSE, NULL, NULL, 'A'),
(149, NULL, 'Horcajada Reales, Guillermo', 'ESP', 2110, 2221470, TRUE, FALSE, NULL, NULL, 'A'),
(150, NULL, 'Palomo Teruel, Xavier', 'ESP', 2094, 2202999, TRUE, FALSE, NULL, NULL, 'A'),
(151, NULL, 'Uran Bermudez, Oliver Kevin', 'VEN', 2083, 3903354, TRUE, TRUE, NULL, NULL, 'A'),
(152, NULL, 'Atienza Alvarez, Javier', 'ESP', 2082, 24511668, TRUE, FALSE, NULL, NULL, 'A'),
(153, NULL, 'Floris, Federico', 'ITA', 2081, 898287, TRUE, FALSE, NULL, NULL, 'A'),
(154, NULL, 'Holand, Per Fredrik', 'NOR', 2069, 1534084, TRUE, FALSE, NULL, NULL, 'A'),
(155, NULL, 'Pedersen, Max Moe', 'NOR', 2064, 1532596, TRUE, FALSE, NULL, NULL, 'A'),
(156, NULL, 'Sendra Tormo, Juan', 'ESP', 2057, 32049072, TRUE, TRUE, NULL, NULL, 'A'),
(157, NULL, 'Bevia Martinez, Luis', 'ESP', 2033, 2201216, TRUE, FALSE, NULL, NULL, 'A'),
(158, NULL, 'Lopez Martinez, Jaime', 'ESP', 2020, 32042043, TRUE, FALSE, NULL, NULL, 'A'),
(159, NULL, 'Mompel Ferruz, Xavier', 'ESP', 2019, 54585775, TRUE, FALSE, NULL, NULL, 'A'),
(160, NULL, 'Gonzalez Aguirre, Luis', 'ESP', 2008, 2202000, TRUE, TRUE, NULL, NULL, 'A'),
(161, NULL, 'Nesse, David', 'NOR', 2005, 1519875, TRUE, FALSE, NULL, NULL, 'A'),
(162, NULL, 'Troffiguer, Olivier', 'FRA', 1996, 607835, TRUE, FALSE, NULL, NULL, 'A'),
(163, NULL, 'Unhjem, Bjorn Robert Lovoll', 'NOR', 1990, 1525948, TRUE, FALSE, NULL, NULL, 'A'),
(164, NULL, 'Fernandez Vazquez, Jorge', 'ESP', 1970, 22222294, TRUE, FALSE, NULL, NULL, 'A'),
(165, NULL, 'Hernandez Tellez, Claudia', 'ESP', 1969, 24542393, TRUE, FALSE, NULL, NULL, 'A'),
(166, NULL, 'Bascunana Sanchez, Pablo', 'ESP', 1961, 54701031, TRUE, TRUE, NULL, NULL, 'A'),
(167, NULL, 'Amundsen, Ask', 'NOR', 1956, 1528726, TRUE, FALSE, NULL, NULL, 'A'),
(168, NULL, 'Draghici Flutur, Gavril', 'ESP', 1955, 1206508, TRUE, FALSE, NULL, NULL, 'A'),
(169, NULL, 'Blanco Sanchez, Jose Fernando', 'ESP', 1953, 2203332, FALSE, FALSE, NULL, NULL, 'A'),
(170, NULL, 'Wiesmann, Dominique', 'SUI', 1940, 1308262, TRUE, FALSE, NULL, NULL, 'A'),
(171, NULL, 'Kandic, Milan', 'SRB', 1927, 926752, TRUE, FALSE, NULL, NULL, 'A'),
(172, NULL, 'Rutherford, William', 'SCO', 1926, 2401045, TRUE, FALSE, NULL, NULL, 'A'),
(173, NULL, 'Andrzejewska, Anna', 'POL', 1918, 1127284, TRUE, FALSE, NULL, NULL, 'A'),
(174, NULL, 'Ghita, Vlad-Bogdan', 'ROU', 1914, 1222198, TRUE, FALSE, NULL, NULL, 'A'),
(175, NULL, 'Doll, Rebecca', 'GER', 1896, 16236890, TRUE, FALSE, NULL, NULL, 'A'),
(176, NULL, 'Fox, Anthony', 'IRL', 1883, 2500736, TRUE, FALSE, NULL, NULL, 'A'),
(177, NULL, 'Gasland, Lukas Dominik', 'NOR', 1867, 1557882, TRUE, FALSE, NULL, NULL, 'A'),
(178, NULL, 'Lilliehook, Victor', 'SWE', 1852, 1752103, TRUE, FALSE, NULL, NULL, 'A'),
(179, NULL, 'Teply Koutsky, David', 'ESP', 1833, 24597171, TRUE, FALSE, NULL, NULL, 'A'),
(180, NULL, 'Szelag, Zuzanna', 'POL', 1811, 1195522, TRUE, FALSE, NULL, NULL, 'A'),
(181, NULL, 'Halvorsen, Benjamin', 'NOR', 1801, 1516604, TRUE, FALSE, NULL, NULL, 'A'),
(182, NULL, 'Daksh Jain', 'IND', 1735, 25969269, TRUE, FALSE, NULL, NULL, 'A');


select * from jugador;